ITEM,LOTNO,TESTID,LOW,HIGH,NTARGET,NRESULT,ADDDATE,Dev
TSK2039,103363,ABS0.1,1.33,1.49,1.41,1.3371,1/4/2013,0.0729
TSK2039,103392,ABS0.1,1.33,1.49,1.41,1.4018,1/18/2013,0.0082
TSK2039,104157,ABS0.1,1.33,1.49,1.41,1.3376,1/18/2013,0.0724
TSK2039,104333,ABS0.1,1.33,1.49,1.41,1.3661,1/25/2013,0.0439
TSK2039,104693,ABS0.1,1.33,1.49,1.41,1.3339,2/12/2013,0.0761
TSK2039,105131,ABS0.1,1.33,1.49,1.41,1.3927,2/19/2013,0.0173
TSK2039,105194,ABS0.1,1.33,1.49,1.41,1.375,2/19/2013,0.035
TSK2039,105669,ABS0.1,1.33,1.49,1.41,1.4751,3/5/2013,-0.0651
TSK2039,106022,ABS0.1,1.33,1.49,1.41,1.3658,3/19/2013,0.0442
TSK2039,106180,ABS0.1,1.33,1.49,1.41,1.3623,3/26/2013,0.0477
TSK2039,106560,ABS0.1,1.33,1.49,1.41,1.4216,3/26/2013,-0.0116
TSK2039,106617,ABS0.1,1.33,1.49,1.41,1.4186,4/5/2013,-0.0086
TSK2039,106727,ABS0.1,1.33,1.49,1.41,1.4147,4/12/2013,-0.0047
TSK2039,107493,ABS0.1,1.33,1.49,1.41,1.3542,5/7/2013,0.0558
TSK2039,107812,ABS0.1,1.33,1.49,1.41,1.3304,5/14/2013,0.0796
TSK2039,108698,ABS0.1,1.33,1.49,1.41,1.3419,5/31/2013,0.0681
TSK2039,109020,ABS0.1,1.33,1.49,1.41,1.3594,5/31/2013,0.0506
TSK2039,109531,ABS0.1,1.33,1.49,1.41,1.3309,6/18/2013,0.0791
TSK2039,110017,ABS0.1,1.33,1.49,1.41,1.3667,6/28/2013,0.0433
TSK2039,109913,ABS0.1,1.33,1.49,1.41,1.3956,7/2/2013,0.0144
TSK2039,110473,ABS0.1,1.33,1.49,1.41,1.3532,7/9/2013,0.0568
TSK2039,110945,ABS0.1,1.33,1.49,1.41,1.3927,7/30/2013,0.0173
TSK2039,111398,ABS0.1,1.33,1.49,1.41,1.3793,7/30/2013,0.0307
TSK2039,111296,ABS0.1,1.33,1.49,1.41,1.3478,8/13/2013,0.0622
TSK2039,111882,ABS0.1,1.33,1.49,1.41,1.332,8/23/2013,0.078
TSK2039,112484,ABS0.1,1.33,1.49,1.41,1.3974,9/17/2013,0.0126
TSK2039,113324,ABS0.1,1.33,1.49,1.41,1.3739,9/20/2013,0.0361
TSK2039,113469,ABS0.1,1.33,1.49,1.41,1.4227,10/15/2013,-0.0127
TSK2039,114414,ABS0.1,1.33,1.49,1.41,1.3398,10/18/2013,0.0702
COMPLETE,103022,ABS0.5,1.6,1.8,1.7,1.7253,1/4/2013,-0.0253
COMPLETE,103138,ABS0.5,1.6,1.8,1.7,1.7388,1/4/2013,-0.0388
COMPLETE,104088,ABS0.5,1.6,1.8,1.7,1.7196,1/15/2013,-0.0196
COMPLETE,104332,ABS0.5,1.6,1.8,1.7,1.7168,1/22/2013,-0.0168
COMPLETE,105193,ABS0.5,1.6,1.8,1.7,1.7098,2/26/2013,-0.0098
COMPLETE,105484,ABS0.5,1.6,1.8,1.7,1.6954,3/1/2013,0.0046
COMPLETE,105668,ABS0.5,1.6,1.8,1.7,1.6782,3/5/2013,0.0218
COMPLETE,105707,ABS0.5,1.6,1.8,1.7,1.6821,3/5/2013,0.0179
COMPLETE,106616,ABS0.5,1.6,1.8,1.7,1.6578,4/2/2013,0.0422
COMPLETE,107636,ABS0.5,1.6,1.8,1.7,1.6939,4/23/2013,0.0061
COMPLETE,107773,ABS0.5,1.6,1.8,1.7,1.6685,4/23/2013,0.0315
COMPLETE,107900,ABS0.5,1.6,1.8,1.7,1.6781,5/7/2013,0.0219
COMPLETE,108441,ABS0.5,1.6,1.8,1.7,1.6594,5/21/2013,0.0406
COMPLETE,109018,ABS0.5,1.6,1.8,1.7,1.6649,5/28/2013,0.0351
COMPLETE,109527,ABS0.5,1.6,1.8,1.7,1.7105,6/11/2013 0:00,-0.0105
COMPLETE,110761,ABS0.5,1.6,1.8,1.7,1.7476,7/12/2013 0:00,-0.0476
COMPLETE,110781,ABS0.5,1.6,1.8,1.7,1.763,7/12/2013 0:00,-0.063
COMPLETE,111774,ABS0.5,1.6,1.8,1.7,1.7266,8/13/2013 0:00,-0.0266
COMPLETE,111977,ABS0.5,1.6,1.8,1.7,1.7246,8/20/2013 0:00,-0.0246
COMPLETE,112157,ABS0.5,1.6,1.8,1.7,1.7236,8/23/2013 0:00,-0.0236
COMPLETE,113323,ABS0.5,1.6,1.8,1.7,1.7183,9/20/2013 0:00,-0.0183
COMPLETE,114235,ABS0.5,1.6,1.8,1.7,1.7022,10/15/2013 0:00,-0.0022
COMPLETE,114478,ABS0.5,1.6,1.8,1.7,1.7075,10/18/2013 0:00,-0.0075
CM-557H,103389,ABS1.0PH,1.2,1.35,1.275,1.2742,1/4/2013,0.0008
CM-557H,104625,ABS1.0PH,1.2,1.35,1.275,1.2582,2/1/2013,0.0168
CM-557H,105934,ABS1.0PH,1.2,1.35,1.275,1.244,3/12/2013,0.031
CM-557H,106724,ABS1.0PH,1.2,1.35,1.275,1.2432,4/5/2013,0.0318
CM-557H,107635,ABS1.0PH,1.2,1.35,1.275,1.2496,4/23/2013,0.0254
CM-557H,109222,ABS1.0PH,1.2,1.35,1.275,1.3142,6/4/2013 0:00,-0.0392
CM-557H,109589,ABS1.0PH,1.2,1.35,1.275,1.3099,6/14/2013 0:00,-0.0349
CM-557H,111292,ABS1.0PH,1.2,1.35,1.275,1.3486,8/2/2013 0:00,-0.0736
CM-557H,112636,ABS1.0PH,1.2,1.35,1.275,1.3318,8/27/2013 0:00,-0.0568
CM-557H,113676,ABS1.0PH,1.2,1.35,1.275,1.303,10/8/2013 0:00,-0.028
CM-557H,114413,ABS1.0PH,1.2,1.35,1.275,1.3308,10/18/2013 0:00,-0.0558
CM-557H,114461,ABS1.0PH,1.2,1.35,1.275,1.3246,10/18/2013 0:00,-0.0496
TSK2039,103363,CONDUCT25,510,670,590,579,1/4/2013,11
TSK2039,103392,CONDUCT25,510,670,590,579,1/18/2013,11
TSK2039,104157,CONDUCT25,510,670,590,576,1/18/2013,14
TSK2039,104333,CONDUCT25,510,670,590,587,1/25/2013,3
TSK2039,104693,CONDUCT25,510,670,590,582,2/12/2013,8
TSK2039,105131,CONDUCT25,510,670,590,573,2/19/2013,17
TSK2039,105194,CONDUCT25,510,670,590,576,2/19/2013,14
TSK2039,105669,CONDUCT25,510,670,590,581,3/5/2013,9
TSK2039,106022,CONDUCT25,510,670,590,570,3/19/2013,20
TSK2039,106180,CONDUCT25,510,670,590,568,3/26/2013,22
TSK2039,106560,CONDUCT25,510,670,590,599,3/26/2013,-9
TSK2039,106617,CONDUCT25,510,670,590,569,4/5/2013,21
TSK2039,106727,CONDUCT25,510,670,590,580,4/12/2013,10
TSK2039,107493,CONDUCT25,510,670,590,574,5/7/2013,16
TSK2039,107812,CONDUCT25,510,670,590,584,5/14/2013,6
TSK2039,108698,CONDUCT25,510,670,590,592,5/31/2013,-2
TSK2039,109020,CONDUCT25,510,670,590,581,5/31/2013,9
TSK2039,109531,CONDUCT25,510,670,590,585,6/18/2013,5
TSK2039,110017,CONDUCT25,510,670,590,600,6/28/2013,-10
TSK2039,109913,CONDUCT25,510,670,590,597,7/2/2013,-7
TSK2039,110473,CONDUCT25,510,670,590,578,7/9/2013,12
TSK2039,110945,CONDUCT25,510,670,590,592,7/30/2013,-2
TSK2039,111398,CONDUCT25,510,670,590,579,7/30/2013,11
TSK2039,111296,CONDUCT25,510,670,590,588,8/13/2013,2
TSK2039,111882,CONDUCT25,510,670,590,575,8/23/2013,15
TSK2039,112484,CONDUCT25,510,670,590,576,9/17/2013,14
TSK2039,113324,CONDUCT25,510,670,590,582,9/20/2013,8
TSK2039,113469,CONDUCT25,510,670,590,604,10/15/2013,-14
TSK2039,114414,CONDUCT25,510,670,590,583,10/18/2013,7
CM-557H,103389,CONDUCTIV,1500,3000,2250,2230,1/4/2013,20
CM-557H,104625,CONDUCTIV,1500,3000,2250,2230,2/1/2013,20
CM-557H,105934,CONDUCTIV,1500,3000,2250,2200,3/12/2013,50
CM-557H,106724,CONDUCTIV,1500,3000,2250,2300,4/5/2013,-50
CM-557H,107635,CONDUCTIV,1500,3000,2250,2310,4/23/2013,-60
CM-557H,109222,CONDUCTIV,1500,3000,2250,2410,6/4/2013 0:00,-160
CM-557H,109589,CONDUCTIV,1500,3000,2250,2420,6/14/2013 0:00,-170
CM-557H,111292,CONDUCTIV,1500,3000,2250,2430,8/2/2013 0:00,-180
CM-557H,112636,CONDUCTIV,1500,3000,2250,2400,8/27/2013 0:00,-150
CM-557H,113676,CONDUCTIV,1500,3000,2250,2370,10/8/2013 0:00,-120
CM-557H,114413,CONDUCTIV,1500,3000,2250,2440,10/18/2013 0:00,-190
CM-557H,114461,CONDUCTIV,1500,3000,2250,2440,10/18/2013 0:00,-190
CM-557H,103389,FILTER-COL,0,0,0,0.814,1/4/2013,-0.814
CM-557H,104625,FILTER-COL,0,0,0,0.887,2/1/2013,-0.887
CM-557H,105934,FILTER-COL,0,0,0,0.836,3/12/2013,-0.836
CM-557H,106724,FILTER-COL,0,0,0,0.894,4/5/2013,-0.894
CM-557H,107635,FILTER-COL,0,0,0,0.867,4/23/2013,-0.867
CM-557H,109222,FILTER-COL,0,0,0,0.824,6/4/2013 0:00,-0.824
CM-557H,109589,FILTER-COL,0,0,0,0.923,6/14/2013 0:00,-0.923
CM-557H,111292,FILTER-COL,0,0,0,0.856,8/2/2013 0:00,-0.856
CM-557H,112636,FILTER-COL,0,0,0,0.836,8/27/2013 0:00,-0.836
CM-557H,113676,FILTER-COL,0,0,0,0.826,10/8/2013 0:00,-0.826
CM-557H,114413,FILTER-COL,0,0,0,0.826,10/18/2013 0:00,-0.826
CM-557H,114461,FILTER-COL,0,0,0,0.884,10/18/2013 0:00,-0.884
TSK2039,103363,MICROSCOPY,0,0,0,0,1/4/2013,0
TWK1818,103222,MICROSCOPY,0,0,0,0,1/4/2013,0
TWK1961H,103023,MICROSCOPY,0,0,0,0,1/4/2013,0
TWK1961H,103365,MICROSCOPY,0,0,0,0,1/4/2013,0
TWK1966H,103224,MICROSCOPY,0,0,0,0,1/4/2013,0
TWK2010H,103393,MICROSCOPY,0,0,0,0,1/4/2013,0
TWK2080H,103394,MICROSCOPY,0,0,0,0,1/4/2013,0
TWK1396,103279,MICROSCOPY,0,0,0,0,1/8/2013,0
TWK1386,103364,MICROSCOPY,0,0,0,0,1/15/2013,0
TWK2080H,103025,MICROSCOPY,0,0,0,0,1/15/2013,0
TSK2039,103392,MICROSCOPY,0,0,0,0,1/18/2013,0
TSK2039,104157,MICROSCOPY,0,0,0,0,1/18/2013,0
TWK1818,104097,MICROSCOPY,0,0,0,0,1/18/2013,0
TWK1966H,104098,MICROSCOPY,0,0,0,0,1/18/2013,0
TWK2080H,104099,MICROSCOPY,0,0,0,0,1/18/2013,0
TWK1818,104334,MICROSCOPY,0,0,0,0,1/22/2013,0
TSK2039,104333,MICROSCOPY,0,0,0,0,1/25/2013,0
TWK1961H,104335,MICROSCOPY,0,0,0,0,1/25/2013,0
TWK2010H,104336,MICROSCOPY,0,0,0,0,1/25/2013,0
TWK2080H,104337,MICROSCOPY,0,0,0,0,1/25/2013,0
TWK1961H,104893,MICROSCOPY,0,0,0,0,2/5/2013,0
TWK2010H,104894,MICROSCOPY,0,0,0,0,2/5/2013,0
TSK2039,104693,MICROSCOPY,0,0,0,0,2/12/2013,0
TWK1386,104891,MICROSCOPY,0,0,0,0,2/12/2013,0
TWK1386,104956,MICROSCOPY,0,0,0,0,2/12/2013,0
TWK1396,104955,MICROSCOPY,0,0,0,0,2/12/2013,0
TWK1961H,104957,MICROSCOPY,0,0,0,0,2/12/2013,0
TWK1966H,104920,MICROSCOPY,0,0,0,0,2/12/2013,0
TSK2039,105131,MICROSCOPY,0,0,0,0,2/19/2013,0
TSK2039,105194,MICROSCOPY,0,0,0,0,2/19/2013,0
TWK1818,105195,MICROSCOPY,0,0,0,0,2/19/2013,0
TWK2010H,105196,MICROSCOPY,0,0,0,0,2/19/2013,0
TWK2080H,104895,MICROSCOPY,0,0,0,0,2/19/2013,0
TWK2080H,105287,MICROSCOPY,0,0,0,0,2/26/2013,0
TWK2080H,105479,MICROSCOPY,0,0,0,0,2/26/2013,0
TWK1396,105478,MICROSCOPY,0,0,0,0,3/1/2013,0
TWK2010H,105671,MICROSCOPY,0,0,0,0,3/1/2013,0
TWK2080H,105666,MICROSCOPY,0,0,0,0,3/1/2013,0
TWK2080H,105672,MICROSCOPY,0,0,0,0,3/1/2013,0
TSK2039,105669,MICROSCOPY,0,0,0,0,3/5/2013,0
TWK1396,105670,MICROSCOPY,0,0,0,0,3/5/2013,0
TWK1961H,105708,MICROSCOPY,0,0,0,0,3/5/2013,0
TWK1386,106023,MICROSCOPY,0,0,0,0,3/12/2013,0
TWK1396,105938,MICROSCOPY,0,0,0,0,3/12/2013,0
TWK1966H,106181,MICROSCOPY,0,0,0,0,3/12/2013,0
TWK2010H,105939,MICROSCOPY,0,0,0,0,3/12/2013,0
TSK2039,106022,MICROSCOPY,0,0,0,0,3/19/2013,0
TWK1396,106307,MICROSCOPY,0,0,0,0,3/19/2013,0
TWK1818,106308,MICROSCOPY,0,0,0,0,3/19/2013,0
TWK2010H,106229,MICROSCOPY,0,0,0,0,3/19/2013,0
TWK2080H,106182,MICROSCOPY,0,0,0,0,3/19/2013,0
TSK2039,106180,MICROSCOPY,0,0,0,0,3/26/2013,0
TSK2039,106560,MICROSCOPY,0,0,0,0,3/26/2013,0
TWK1961H,106389,MICROSCOPY,0,0,0,0,3/26/2013,0
TWK2080H,106469,MICROSCOPY,0,0,0,0,3/26/2013,0
TSK2039,106617,MICROSCOPY,0,0,0,0,4/5/2013,0
TWK1386,106728,MICROSCOPY,0,0,0,0,4/5/2013,0
TWK1396,106740,MICROSCOPY,0,0,0,0,4/5/2013,0
TWK2080H,106995,MICROSCOPY,0,0,0,0,4/9/2013,0
TSK2039,106727,MICROSCOPY,0,0,0,0,4/12/2013,0
TWK1396,107351,MICROSCOPY,0,0,0,0,4/12/2013,0
TWK1966H,107187,MICROSCOPY,0,0,0,0,4/12/2013,0
TWK2010H,107188,MICROSCOPY,0,0,0,0,4/12/2013,0
TWK1386,107494,MICROSCOPY,0,0,0,0,4/19/2013,0
TWK1961H,107495,MICROSCOPY,0,0,0,0,4/19/2013,0
TWK2080H,107496,MICROSCOPY,0,0,0,0,4/19/2013,0
TWK1818,107813,MICROSCOPY,0,0,0,0,4/26/2013,0
TWK2080H,107841,MICROSCOPY,0,0,0,0,4/26/2013,0
TWK1396,107901,MICROSCOPY,0,0,0,0,4/30/2013,0
TWK1966H,107903,MICROSCOPY,0,0,0,0,4/30/2013,0
TSK2039,107493,MICROSCOPY,0,0,0,0,5/7/2013,0
TWK2080H,107904,MICROSCOPY,0,0,0,0,5/7/2013,0
TSK2039,107812,MICROSCOPY,0,0,0,0,5/14/2013,0
TWK1386,108142,MICROSCOPY,0,0,0,0,5/14/2013,0
TWK1396,108343,MICROSCOPY,0,0,0,0,5/14/2013,0
TWK1961H,108143,MICROSCOPY,0,0,0,0,5/14/2013,0
TWK2010H,108442,MICROSCOPY,0,0,0,0,5/14/2013,0
TWK1386,108699,MICROSCOPY,0,0,0,0,5/21/2013,0
TWK1818,107902,MICROSCOPY,0,0,0,0,5/21/2013,0
TWK1818,107902,MICROSCOPY,0,0,0,0,5/21/2013 0:00,0
TWK1961H,108774,MICROSCOPY,0,0,0,0,5/21/2013,0
TWK2080H,108618,MICROSCOPY,0,0,0,0,5/21/2013,0
TSK2039,108698,MICROSCOPY,0,0,0,0,5/31/2013,0
TSK2039,109020,MICROSCOPY,0,0,0,0,5/31/2013,0
TWK1961H,109085,MICROSCOPY,0,0,0,0,5/31/2013,0
TWK2010H,109223,MICROSCOPY,0,0,0,0,5/31/2013,0
TWK2080H,109086,MICROSCOPY,0,0,0,0,5/31/2013,0
TWK1386,109491,MICROSCOPY,0,0,0,0,6/7/2013 0:00,0
TWK1818,109532,MICROSCOPY,0,0,0,0,6/11/2013 0:00,0
TWK2080H,109492,MICROSCOPY,0,0,0,0,6/11/2013 0:00,0
TWK1961H,109554,MICROSCOPY,0,0,0,0,6/14/2013 0:00,0
TSK2039,109531,MICROSCOPY,0,0,0,0,6/18/2013,0
TWK1396,109914,MICROSCOPY,0,0,0,0,6/18/2013,0
TWK2010H,109833,MICROSCOPY,0,0,0,0,6/18/2013 0:00,0
TWK2080H,109811,MICROSCOPY,0,0,0,0,6/18/2013 0:00,0
TWK2080H,109834,MICROSCOPY,0,0,0,0,6/18/2013 0:00,0
TWK1966H,109915,MICROSCOPY,0,0,0,0,6/21/2013 0:00,0
TWK2010H,109916,MICROSCOPY,0,0,0,0,6/21/2013 0:00,0
TWK1386,110071,MICROSCOPY,0,0,0,0,6/25/2013 0:00,0
TSK2039,110017,MICROSCOPY,0,0,0,0,6/28/2013,0
TSK2039,109913,MICROSCOPY,0,0,0,0,7/2/2013,0
TSK2039,110473,MICROSCOPY,0,0,0,0,7/9/2013,0
TWK1396,110474,MICROSCOPY,0,0,0,0,7/9/2013,0
TWK1961H,110475,MICROSCOPY,0,0,0,0,7/9/2013 0:00,0
TWK1818,110784,MICROSCOPY,0,0,0,0,7/12/2013 0:00,0
TWK2080H,110476,MICROSCOPY,0,0,0,0,7/12/2013 0:00,0
TWK1961H,110701,MICROSCOPY,0,0,0,0,7/16/2013 0:00,0
TWK1961H,111064,MICROSCOPY,0,0,0,0,7/19/2013 0:00,0
TSK2039,110945,MICROSCOPY,0,0,0,0,7/30/2013,0
TSK2039,111398,MICROSCOPY,0,0,0,0,7/30/2013,0
TWK1386,111144,MICROSCOPY,0,0,0,0,7/30/2013 0:00,0
TWK1396,111297,MICROSCOPY,0,0,0,0,7/30/2013,0
TWK2010H,111145,MICROSCOPY,0,0,0,0,7/30/2013 0:00,0
TWK2080H,111146,MICROSCOPY,0,0,0,0,7/30/2013 0:00,0
TWK1966H,111460,MICROSCOPY,0,0,0,0,8/6/2013 0:00,0
TWK2080H,111461,MICROSCOPY,0,0,0,0,8/6/2013 0:00,0
TWK2080H,111570,MICROSCOPY,0,0,0,0,8/6/2013 0:00,0
TWK1396,111565,MICROSCOPY,0,0,0,0,8/7/2013,0
TSK2039,111296,MICROSCOPY,0,0,0,0,8/13/2013,0
TWK1818,111883,MICROSCOPY,0,0,0,0,8/13/2013 0:00,0
TWK1386,111916,MICROSCOPY,0,0,0,0,8/16/2013 0:00,0
TWK2080H,111775,MICROSCOPY,0,0,0,0,8/16/2013 0:00,0
TWK1396,112159,MICROSCOPY,0,0,0,0,8/20/2013,0
TWK1961H,112160,MICROSCOPY,0,0,0,0,8/20/2013 0:00,0
TSK2039,111882,MICROSCOPY,0,0,0,0,8/23/2013,0
TWK2010H,112161,MICROSCOPY,0,0,0,0,8/23/2013 0:00,0
TWK2080H,112410,MICROSCOPY,0,0,0,0,8/23/2013 0:00,0
TWK1386,112408,MICROSCOPY,0,0,0,0,8/27/2013 0:00,0
TWK1396,112733,MICROSCOPY,0,0,0,0,8/30/2013,0
TWK1961H,112734,MICROSCOPY,0,0,0,0,9/6/2013 0:00,0
TWK2080H,112735,MICROSCOPY,0,0,0,0,9/6/2013 0:00,0
TWK1396,113014,MICROSCOPY,0,0,0,0,9/10/2013,0
TWK1966H,112639,MICROSCOPY,0,0,0,0,9/10/2013 0:00,0
TWK2010H,113015,MICROSCOPY,0,0,0,0,9/10/2013 0:00,0
TWK1961H,113096,MICROSCOPY,0,0,0,0,9/13/2013 0:00,0
TWK2010H,113097,MICROSCOPY,0,0,0,0,9/13/2013 0:00,0
TSK2039,112484,MICROSCOPY,0,0,0,0,9/17/2013,0
TSK2039,113324,MICROSCOPY,0,0,0,0,9/20/2013,0
TWK2080H,113232,MICROSCOPY,0,0,0,0,9/20/2013 0:00,0
TWK1386,113470,MICROSCOPY,0,0,0,0,9/27/2013 0:00,0
TWK1396,113471,MICROSCOPY,0,0,0,0,10/4/2013,0
TWK1961H,113472,MICROSCOPY,0,0,0,0,10/8/2013 0:00,0
TWK1386,113910,MICROSCOPY,0,0,0,0,10/11/2013 0:00,0
TWK1966H,113912,MICROSCOPY,0,0,0,0,10/11/2013 0:00,0
TSK2039,113469,MICROSCOPY,0,0,0,0,10/15/2013,0
TWK1818,113911,MICROSCOPY,0,0,0,0,10/15/2013 0:00,0
TWK2010H,113913,MICROSCOPY,0,0,0,0,10/15/2013 0:00,0
TWK2080H,113677,MICROSCOPY,0,0,0,0,10/15/2013 0:00,0
TWK2080H,114233,MICROSCOPY,0,0,0,0,10/15/2013 0:00,0
TSK2039,114414,MICROSCOPY,0,0,0,0,10/18/2013,0
TWK1386,114415,MICROSCOPY,0,0,0,0,10/18/2013 0:00,0
TWK1961H,114231,MICROSCOPY,0,0,0,0,10/18/2013 0:00,0
TWK2010H,114417,MICROSCOPY,0,0,0,0,10/18/2013 0:00,0
TWK1396,114416,MICROSCOPY,0,0,0,0,10/22/2013,0
TWK2080H,114523,MICROSCOPY,0,0,0,0,10/22/2013 0:00,0
CM-557H,103389,PH,9.5,10.5,10,9.53,1/4/2013,0.47
COMPLETE,103022,PH,9.3,9.7,9.4,9.52,1/4/2013,-0.12
COMPLETE,103138,PH,9.3,9.7,9.4,9.53,1/4/2013,-0.13
TWK1818,103222,PH,9,10,9.24,9.3,1/4/2013,-0.06
TWK2010H,103393,PH,8,9,8.61,8.69,1/4/2013,-0.08
COMPLETE,104088,PH,9.3,9.7,9.4,9.53,1/15/2013,-0.13
TWK1386,103364,PH,8,9.2,8.83,8.64,1/15/2013,0.19
TWK1818,104097,PH,9,10,9.24,9.23,1/18/2013,0.01
COMPLETE,104332,PH,9.3,9.7,9.4,9.52,1/22/2013,-0.12
TWK1818,104334,PH,9,10,9.24,9.18,1/22/2013,0.06
TWK2010H,104336,PH,8,9,8.61,8.5,1/25/2013,0.11
CM-557H,104625,PH,9.5,10.5,10,9.54,2/1/2013,0.46
TWK2010H,104894,PH,8,9,8.61,8.62,2/5/2013,-0.01
TWK1386,104891,PH,8,9.2,8.83,8.64,2/12/2013,0.19
TWK1386,104956,PH,8,9.2,8.83,8.83,2/12/2013,0
TWK1818,105195,PH,9,10,9.24,9.29,2/19/2013,-0.05
TWK2010H,105196,PH,8,9,8.61,8.47,2/19/2013,0.14
COMPLETE,105193,PH,9.3,9.7,9.4,9.58,2/26/2013,-0.18
COMPLETE,105484,PH,9.3,9.7,9.4,9.59,3/1/2013,-0.19
TWK2010H,105671,PH,8,9,8.61,8.51,3/1/2013,0.1
COMPLETE,105668,PH,9.3,9.7,9.4,9.58,3/5/2013,-0.18
COMPLETE,105707,PH,9.3,9.7,9.4,9.57,3/5/2013,-0.17
CM-557H,105934,PH,9.5,10.5,10,9.55,3/12/2013,0.45
TWK1386,106023,PH,8,9.2,8.83,8.64,3/12/2013,0.19
TWK2010H,105939,PH,8,9,8.61,8.51,3/12/2013,0.1
TWK1818,106308,PH,9,10,9.24,9.05,3/19/2013,0.19
TWK2010H,106229,PH,8,9,8.61,8.5,3/19/2013,0.11
COMPLETE,106616,PH,9.3,9.7,9.4,9.56,4/2/2013,-0.16
CM-557H,106724,PH,9.5,10.5,10,9.57,4/5/2013,0.43
TWK1386,106728,PH,8,9.2,8.83,8.67,4/5/2013,0.16
TWK2010H,107188,PH,8,9,8.61,8.51,4/12/2013,0.1
TWK1386,107494,PH,8,9.2,8.83,8.73,4/19/2013,0.1
CM-557H,107635,PH,9.5,10.5,10,9.54,4/23/2013,0.46
COMPLETE,107636,PH,9.3,9.7,9.4,9.56,4/23/2013,-0.16
COMPLETE,107773,PH,9.3,9.7,9.4,9.58,4/23/2013,-0.18
TWK1818,107813,PH,9,10,9.24,9.16,4/26/2013,0.08
COMPLETE,107900,PH,9.3,9.7,9.4,9.58,5/7/2013,-0.18
TWK1386,108142,PH,8,9.2,8.83,8.61,5/14/2013,0.22
TWK2010H,108442,PH,8,9,8.61,8.51,5/14/2013,0.1
COMPLETE,108441,PH,9.3,9.7,9.4,9.59,5/21/2013,-0.19
TWK1386,108699,PH,8,9.2,8.83,8.61,5/21/2013,0.22
TWK1818,107902,PH,9,10,9.24,9.14,5/21/2013,0.1
TWK1818,107902,PH,9,10,9.24,9.14,5/21/2013 0:00,0.1
COMPLETE,109018,PH,9.3,9.7,9.4,9.47,5/28/2013,-0.07
TWK2010H,109223,PH,8,9,8.61,8.48,5/31/2013,0.13
CM-557H,109222,PH,9.5,10.5,10,9.51,6/4/2013 0:00,0.49
TWK1386,109491,PH,8,9.2,8.83,8.51,6/7/2013 0:00,0.32
COMPLETE,109527,PH,9.3,9.7,9.4,9.52,6/11/2013 0:00,-0.12
TWK1818,109532,PH,9,10,9.24,9.19,6/11/2013 0:00,0.05
CM-557H,109589,PH,9.5,10.5,10,9.59,6/14/2013 0:00,0.41
TWK2010H,109833,PH,8,9,8.61,8.64,6/18/2013 0:00,-0.03
TWK2010H,109916,PH,8,9,8.61,8.65,6/21/2013 0:00,-0.04
TWK1386,110071,PH,8,9.2,8.83,8.67,6/25/2013 0:00,0.16
COMPLETE,110761,PH,9.3,9.7,9.4,9.5,7/12/2013 0:00,-0.1
COMPLETE,110781,PH,9.3,9.7,9.4,9.52,7/12/2013 0:00,-0.12
TWK1818,110784,PH,9,10,9.24,9.15,7/12/2013 0:00,0.09
TWK1386,111144,PH,8,9.2,8.83,8.5,7/30/2013 0:00,0.33
TWK2010H,111145,PH,8,9,8.61,8.64,7/30/2013 0:00,-0.03
CM-557H,111292,PH,9.5,10.5,10,9.54,8/2/2013 0:00,0.46
COMPLETE,111774,PH,9.3,9.7,9.4,9.46,8/13/2013 0:00,-0.06
TWK1818,111883,PH,9,10,9.24,9.08,8/13/2013 0:00,0.16
TWK1386,111916,PH,8,9.2,8.83,8.48,8/16/2013 0:00,0.35
COMPLETE,111977,PH,9.3,9.7,9.4,9.45,8/20/2013 0:00,-0.05
COMPLETE,112157,PH,9.3,9.7,9.4,9.42,8/23/2013 0:00,-0.02
TWK2010H,112161,PH,8,9,8.61,8.59,8/23/2013 0:00,0.02
CM-557H,112636,PH,9.5,10.5,10,9.53,8/27/2013 0:00,0.47
TWK1386,112408,PH,8,9.2,8.83,8.63,8/27/2013 0:00,0.2
TWK2010H,113015,PH,8,9,8.61,8.52,9/10/2013 0:00,0.09
TWK2010H,113097,PH,8,9,8.61,8.5,9/13/2013 0:00,0.11
COMPLETE,113323,PH,9.3,9.7,9.4,9.44,9/20/2013 0:00,-0.04
TWK1386,113470,PH,8,9.2,8.83,8.49,9/27/2013 0:00,0.34
CM-557H,113676,PH,9.5,10.5,10,9.51,10/8/2013 0:00,0.49
TWK1386,113910,PH,8,9.2,8.83,8.47,10/11/2013 0:00,0.36
COMPLETE,114235,PH,9.3,9.7,9.4,9.49,10/15/2013 0:00,-0.09
TWK1818,113911,PH,9,10,9.24,9.09,10/15/2013 0:00,0.15
TWK2010H,113913,PH,8,9,8.61,8.67,10/15/2013 0:00,-0.06
CM-557H,114413,PH,9.5,10.5,10,9.5,10/18/2013 0:00,0.5
CM-557H,114461,PH,9.5,10.5,10,9.54,10/18/2013 0:00,0.46
COMPLETE,114478,PH,9.3,9.7,9.4,9.44,10/18/2013 0:00,-0.04
TWK1386,114415,PH,8,9.2,8.83,8.54,10/18/2013 0:00,0.29
TWK2010H,114417,PH,8,9,8.61,8.73,10/18/2013 0:00,-0.12
TSK2039,103363,PH25,5.6,6,5.83,5.88,1/4/2013,-0.05
TWK1961H,103023,PH25,9,10,9.34,9.29,1/4/2013,0.05
TWK1961H,103365,PH25,9,10,9.34,9.36,1/4/2013,-0.02
TWK1966H,103224,PH25,9,10,9.53,9.44,1/4/2013,0.09
TWK2080H,103394,PH25,8,9,8.43,8.42,1/4/2013,0.01
TWK2080H,103025,PH25,8,9,8.43,8.22,1/15/2013,0.21
TSK2039,103392,PH25,5.6,6,5.83,5.8,1/18/2013,0.03
TSK2039,104157,PH25,5.6,6,5.83,5.84,1/18/2013,-0.01
TWK1966H,104098,PH25,9,10,9.53,9.45,1/18/2013,0.08
TWK2080H,104099,PH25,8,9,8.43,8.23,1/18/2013,0.2
TSK2039,104333,PH25,5.6,6,5.83,5.74,1/25/2013,0.09
TWK1961H,104335,PH25,9,10,9.34,9.3,1/25/2013,0.04
TWK2080H,104337,PH25,8,9,8.43,8.24,1/25/2013,0.19
TWK1961H,104893,PH25,9,10,9.34,9.44,2/5/2013,-0.1
TSK2039,104693,PH25,5.6,6,5.83,5.76,2/12/2013,0.07
TWK1961H,104957,PH25,9,10,9.34,9.4,2/12/2013,-0.06
TWK1966H,104920,PH25,9,10,9.53,9.49,2/12/2013,0.04
TSK2039,105131,PH25,5.6,6,5.83,5.67,2/19/2013,0.16
TSK2039,105194,PH25,5.6,6,5.83,5.76,2/19/2013,0.07
TWK2080H,104895,PH25,8,9,8.43,8.17,2/19/2013,0.26
TWK2080H,105287,PH25,8,9,8.43,8.52,2/26/2013,-0.09
TWK2080H,105479,PH25,8,9,8.43,8.23,2/26/2013,0.2
TWK2080H,105666,PH25,8,9,8.43,8.19,3/1/2013,0.24
TWK2080H,105672,PH25,8,9,8.43,8.22,3/1/2013,0.21
TSK2039,105669,PH25,5.6,6,5.83,5.71,3/5/2013,0.12
TWK1961H,105708,PH25,9,10,9.34,9.35,3/5/2013,-0.01
TWK1966H,106181,PH25,9,10,9.53,9.36,3/12/2013,0.17
TSK2039,106022,PH25,5.6,6,5.83,5.86,3/19/2013,-0.03
TWK2080H,106182,PH25,8,9,8.43,8.24,3/19/2013,0.19
TSK2039,106180,PH25,5.6,6,5.83,5.8,3/26/2013,0.03
TSK2039,106560,PH25,5.6,6,5.83,5.75,3/26/2013,0.08
TWK1961H,106389,PH25,9,10,9.34,9.29,3/26/2013,0.05
TWK2080H,106469,PH25,8,9,8.43,8.23,3/26/2013,0.2
TSK2039,106617,PH25,5.6,6,5.83,5.87,4/5/2013,-0.04
TWK2080H,106995,PH25,8,9,8.43,8.24,4/9/2013,0.19
TSK2039,106727,PH25,5.6,6,5.83,5.88,4/12/2013,-0.05
TWK1966H,107187,PH25,9,10,9.53,9.28,4/12/2013,0.25
TWK1961H,107495,PH25,9,10,9.34,9.37,4/19/2013,-0.03
TWK2080H,107496,PH25,8,9,8.43,8.19,4/19/2013,0.24
TWK2080H,107841,PH25,8,9,8.43,8.19,4/26/2013,0.24
TWK1966H,107903,PH25,9,10,9.53,9.52,4/30/2013,0.01
TSK2039,107493,PH25,5.6,6,5.83,5.8,5/7/2013,0.03
TWK2080H,107904,PH25,8,9,8.43,8.25,5/7/2013,0.18
TSK2039,107812,PH25,5.6,6,5.83,5.92,5/14/2013,-0.09
TWK1961H,108143,PH25,9,10,9.34,9.37,5/14/2013,-0.03
TWK1961H,108774,PH25,9,10,9.34,9.31,5/21/2013,0.03
TWK2080H,108618,PH25,8,9,8.43,8.21,5/21/2013,0.22
TSK2039,108698,PH25,5.6,6,5.83,5.86,5/31/2013,-0.03
TSK2039,109020,PH25,5.6,6,5.83,5.84,5/31/2013,-0.01
TWK1961H,109085,PH25,9,10,9.34,9.21,5/31/2013,0.13
TWK2080H,109086,PH25,8,9,8.43,8.17,5/31/2013,0.26
TWK2080H,109492,PH25,8,9,8.43,8.18,6/11/2013 0:00,0.25
TWK1961H,109554,PH25,9,10,9.34,9.38,6/14/2013 0:00,-0.04
TSK2039,109531,PH25,5.6,6,5.83,5.91,6/18/2013,-0.08
TWK2080H,109811,PH25,8,9,8.43,8.45,6/18/2013 0:00,-0.02
TWK2080H,109834,PH25,8,9,8.43,8.41,6/18/2013 0:00,0.02
TWK1966H,109915,PH25,9,10,9.53,9.23,6/21/2013 0:00,0.3
TSK2039,110017,PH25,5.6,6,5.83,5.77,6/28/2013,0.06
TSK2039,109913,PH25,5.6,6,5.83,6.34,7/2/2013,-0.51
TSK2039,110473,PH25,5.6,6,5.83,5.86,7/9/2013,-0.03
TWK1961H,110475,PH25,9,10,9.34,9.32,7/9/2013 0:00,0.02
TWK2080H,110476,PH25,8,9,8.43,8.38,7/12/2013 0:00,0.05
TWK1961H,110701,PH25,9,10,9.34,9.26,7/16/2013 0:00,0.08
TWK1961H,111064,PH25,9,10,9.34,9.29,7/19/2013 0:00,0.05
TSK2039,110945,PH25,5.6,6,5.83,5.88,7/30/2013,-0.05
TSK2039,111398,PH25,5.6,6,5.83,5.89,7/30/2013,-0.06
TWK2080H,111146,PH25,8,9,8.43,8.4,7/30/2013 0:00,0.03
TWK1966H,111460,PH25,9,10,9.53,9.13,8/6/2013 0:00,0.4
TWK2080H,111461,PH25,8,9,8.43,8.41,8/6/2013 0:00,0.02
TWK2080H,111570,PH25,8,9,8.43,8.43,8/6/2013 0:00,0
TSK2039,111296,PH25,5.6,6,5.83,5.96,8/13/2013,-0.13
TWK2080H,111775,PH25,8,9,8.43,8.15,8/16/2013 0:00,0.28
TWK1961H,112160,PH25,9,10,9.34,9.13,8/20/2013 0:00,0.21
TSK2039,111882,PH25,5.6,6,5.83,5.91,8/23/2013,-0.08
TWK2080H,112410,PH25,8,9,8.43,8.43,8/23/2013 0:00,0
TWK1961H,112734,PH25,9,10,9.34,9.17,9/6/2013 0:00,0.17
TWK2080H,112735,PH25,8,9,8.43,8.37,9/6/2013 0:00,0.06
TWK1966H,112639,PH25,9,10,9.53,9.23,9/10/2013 0:00,0.3
TWK1961H,113096,PH25,9,10,9.34,9.13,9/13/2013 0:00,0.21
TSK2039,112484,PH25,5.6,6,5.83,5.88,9/17/2013,-0.05
TSK2039,113324,PH25,5.6,6,5.83,5.9,9/20/2013,-0.07
TWK2080H,113232,PH25,8,9,8.43,8.15,9/20/2013 0:00,0.28
TWK1961H,113472,PH25,9,10,9.34,9.34,10/8/2013 0:00,0
TWK1966H,113912,PH25,9,10,9.53,9.37,10/11/2013 0:00,0.16
TSK2039,113469,PH25,5.6,6,5.83,5.92,10/15/2013,-0.09
TWK2080H,113677,PH25,8,9,8.43,8.5,10/15/2013 0:00,-0.07
TWK2080H,114233,PH25,8,9,8.43,8.2,10/15/2013 0:00,0.23
TSK2039,114414,PH25,5.6,6,5.83,5.93,10/18/2013,-0.1
TWK1961H,114231,PH25,9,10,9.34,9.18,10/18/2013 0:00,0.16
TWK2080H,114523,PH25,8,9,8.43,8.46,10/22/2013 0:00,-0.03
CM-557H,103389,ST KRUSS,31.2,31.7,31.5,31.7,1/4/2013,-0.2
COMPLETE,103022,ST KRUSS,34,36,35,34.9,1/4/2013,0.1
COMPLETE,103138,ST KRUSS,34,36,35,34.9,1/4/2013,0.1
COMPLETE,104088,ST KRUSS,34,36,35,35.1,1/15/2013,-0.1
COMPLETE,104332,ST KRUSS,34,36,35,35,1/22/2013,0
CM-557H,104625,ST KRUSS,31.2,31.7,31.5,31.4,2/1/2013,0.1
COMPLETE,105193,ST KRUSS,34,36,35,35.1,2/26/2013,-0.1
COMPLETE,105484,ST KRUSS,34,36,35,34.8,3/1/2013,0.2
COMPLETE,105668,ST KRUSS,34,36,35,34.7,3/5/2013,0.3
COMPLETE,105707,ST KRUSS,34,36,35,35,3/5/2013,0
CM-557H,105934,ST KRUSS,31.2,31.7,31.5,31.5,3/12/2013,0
COMPLETE,106616,ST KRUSS,34,36,35,35,4/2/2013,0
CM-557H,106724,ST KRUSS,31.2,31.7,31.5,31.5,4/5/2013,0
CM-557H,107635,ST KRUSS,31.2,31.7,31.5,31.4,4/23/2013,0.1
COMPLETE,107636,ST KRUSS,34,36,35,34.9,4/23/2013,0.1
COMPLETE,107773,ST KRUSS,34,36,35,34.9,4/23/2013,0.1
COMPLETE,107900,ST KRUSS,34,36,35,34.7,5/7/2013,0.3
COMPLETE,108441,ST KRUSS,34,36,35,34.9,5/21/2013,0.1
COMPLETE,109018,ST KRUSS,34,36,35,34.9,5/28/2013,0.1
CM-557H,109222,ST KRUSS,31.2,31.7,31.5,31.5,6/4/2013 0:00,0
COMPLETE,109527,ST KRUSS,34,36,35,34.8,6/11/2013 0:00,0.2
CM-557H,109589,ST KRUSS,31.2,31.7,31.5,31.7,6/14/2013 0:00,-0.2
COMPLETE,110761,ST KRUSS,34,36,35,35,7/12/2013 0:00,0
COMPLETE,110781,ST KRUSS,34,36,35,34.9,7/12/2013 0:00,0.1
CM-557H,111292,ST KRUSS,31.2,31.7,31.5,31.4,8/2/2013 0:00,0.1
COMPLETE,111774,ST KRUSS,34,36,35,34.8,8/13/2013 0:00,0.2
COMPLETE,111977,ST KRUSS,34,36,35,34.8,8/20/2013 0:00,0.2
COMPLETE,112157,ST KRUSS,34,36,35,34.7,8/23/2013 0:00,0.3
CM-557H,112636,ST KRUSS,31.2,31.7,31.5,31.4,8/27/2013 0:00,0.1
COMPLETE,113323,ST KRUSS,34,36,35,34.7,9/20/2013 0:00,0.3
CM-557H,113676,ST KRUSS,31.2,31.7,31.5,31.4,10/8/2013 0:00,0.1
COMPLETE,114235,ST KRUSS,34,36,35,34.7,10/15/2013 0:00,0.3
CM-557H,114413,ST KRUSS,31.2,31.7,31.5,31.4,10/18/2013 0:00,0.1
CM-557H,114461,ST KRUSS,31.2,31.7,31.5,31.3,10/18/2013 0:00,0.2
COMPLETE,114478,ST KRUSS,34,36,35,34.6,10/18/2013 0:00,0.4
TSK2039,103363,ST KRUSS25,24.2,26.2,25.2,25.5,1/4/2013,-0.3
TWK1961H,103023,ST KRUSS25,17.5,19.5,18.4,18.53,1/4/2013,-0.13
TWK1961H,103365,ST KRUSS25,17.5,19.5,18.4,18.4,1/4/2013,0
TWK2010H,103393,ST KRUSS25,16.5,19.5,17,17.4,1/4/2013,-0.4
TWK2080H,103394,ST KRUSS25,26,28,27.5,27.5,1/4/2013,0
TWK2080H,103025,ST KRUSS25,26,28,27.5,27.6,1/15/2013,-0.1
TSK2039,103392,ST KRUSS25,24.2,26.2,25.2,25.6,1/18/2013,-0.4
TSK2039,104157,ST KRUSS25,24.2,26.2,25.2,25.6,1/18/2013,-0.4
TWK2080H,104099,ST KRUSS25,26,28,27.5,27.6,1/18/2013,-0.1
TSK2039,104333,ST KRUSS25,24.2,26.2,25.2,25.4,1/25/2013,-0.2
TWK1961H,104335,ST KRUSS25,17.5,19.5,18.4,17.7,1/25/2013,0.7
TWK2010H,104336,ST KRUSS25,16.5,19.5,17,16.9,1/25/2013,0.1
TWK2080H,104337,ST KRUSS25,26,28,27.5,27.5,1/25/2013,0
TWK1961H,104893,ST KRUSS25,17.5,19.5,18.4,18.4,2/5/2013,0
TWK2010H,104894,ST KRUSS25,16.5,19.5,17,17.2,2/5/2013,-0.2
TSK2039,104693,ST KRUSS25,24.2,26.2,25.2,25.6,2/12/2013,-0.4
TWK1961H,104957,ST KRUSS25,17.5,19.5,18.4,18.5,2/12/2013,-0.1
TSK2039,105131,ST KRUSS25,24.2,26.2,25.2,25.6,2/19/2013,-0.4
TSK2039,105194,ST KRUSS25,24.2,26.2,25.2,25.6,2/19/2013,-0.4
TWK2010H,105196,ST KRUSS25,16.5,19.5,17,17.2,2/19/2013,-0.2
TWK2080H,104895,ST KRUSS25,26,28,27.5,27.6,2/19/2013,-0.1
TWK2080H,105287,ST KRUSS25,26,28,27.5,27.5,2/26/2013,0
TWK2080H,105479,ST KRUSS25,26,28,27.5,27.7,2/26/2013,-0.2
TWK2010H,105671,ST KRUSS25,16.5,19.5,17,17.2,3/1/2013,-0.2
TWK2080H,105666,ST KRUSS25,26,28,27.5,27.2,3/1/2013,0.3
TWK2080H,105672,ST KRUSS25,26,28,27.5,27.3,3/1/2013,0.2
TSK2039,105669,ST KRUSS25,24.2,26.2,25.2,25.7,3/5/2013,-0.5
TWK1961H,105708,ST KRUSS25,17.5,19.5,18.4,18.4,3/5/2013,0
TWK2010H,105939,ST KRUSS25,16.5,19.5,17,17.5,3/12/2013,-0.5
TSK2039,106022,ST KRUSS25,24.2,26.2,25.2,25.1,3/19/2013,0.1
TWK2010H,106229,ST KRUSS25,16.5,19.5,17,17.3,3/19/2013,-0.3
TWK2080H,106182,ST KRUSS25,26,28,27.5,27.4,3/19/2013,0.1
TSK2039,106180,ST KRUSS25,24.2,26.2,25.2,25.4,3/26/2013,-0.2
TSK2039,106560,ST KRUSS25,24.2,26.2,25.2,25.5,3/26/2013,-0.3
TWK1961H,106389,ST KRUSS25,17.5,19.5,18.4,18,3/26/2013,0.4
TWK2080H,106469,ST KRUSS25,26,28,27.5,27.5,3/26/2013,0
TSK2039,106617,ST KRUSS25,24.2,26.2,25.2,25.4,4/5/2013,-0.2
TWK2080H,106995,ST KRUSS25,26,28,27.5,27.3,4/9/2013,0.2
TSK2039,106727,ST KRUSS25,24.2,26.2,25.2,25.3,4/12/2013,-0.1
TWK2010H,107188,ST KRUSS25,16.5,19.5,17,17.4,4/12/2013,-0.4
TWK1961H,107495,ST KRUSS25,17.5,19.5,18.4,18.4,4/19/2013,0
TWK2080H,107496,ST KRUSS25,26,28,27.5,27.4,4/19/2013,0.1
TWK2080H,107841,ST KRUSS25,26,28,27.5,27.4,4/26/2013,0.1
TSK2039,107493,ST KRUSS25,24.2,26.2,25.2,25.3,5/7/2013,-0.1
TWK2080H,107904,ST KRUSS25,26,28,27.5,27.4,5/7/2013,0.1
TSK2039,107812,ST KRUSS25,24.2,26.2,25.2,25.3,5/14/2013,-0.1
TWK1961H,108143,ST KRUSS25,17.5,19.5,18.4,18.4,5/14/2013,0
TWK2010H,108442,ST KRUSS25,16.5,19.5,17,17.3,5/14/2013,-0.3
TWK1961H,108774,ST KRUSS25,17.5,19.5,18.4,18.5,5/21/2013,-0.1
TWK2080H,108618,ST KRUSS25,26,28,27.5,27.4,5/21/2013,0.1
TSK2039,108698,ST KRUSS25,24.2,26.2,25.2,25.3,5/31/2013,-0.1
TSK2039,109020,ST KRUSS25,24.2,26.2,25.2,25.3,5/31/2013,-0.1
TWK1961H,109085,ST KRUSS25,17.5,19.5,18.4,17.7,5/31/2013,0.7
TWK2010H,109223,ST KRUSS25,16.5,19.5,17,17.2,5/31/2013,-0.2
TWK2080H,109086,ST KRUSS25,26,28,27.5,27.5,5/31/2013,0
TWK2080H,109492,ST KRUSS25,26,28,27.5,27.4,6/11/2013 0:00,0.1
TWK1961H,109554,ST KRUSS25,17.5,19.5,18.4,18.3,6/14/2013 0:00,0.1
TSK2039,109531,ST KRUSS25,24.2,26.2,25.2,25.4,6/18/2013,-0.2
TWK2010H,109833,ST KRUSS25,16.5,19.5,17,17.2,6/18/2013 0:00,-0.2
TWK2080H,109811,ST KRUSS25,26,28,27.5,27.5,6/18/2013 0:00,0
TWK2080H,109834,ST KRUSS25,26,28,27.5,27.4,6/18/2013 0:00,0.1
TWK2010H,109916,ST KRUSS25,16.5,19.5,17,17.3,6/21/2013 0:00,-0.3
TSK2039,110017,ST KRUSS25,24.2,26.2,25.2,25.3,6/28/2013,-0.1
TSK2039,109913,ST KRUSS25,24.2,26.2,25.2,25.3,7/2/2013,-0.1
TSK2039,110473,ST KRUSS25,24.2,26.2,25.2,25.4,7/9/2013,-0.2
TWK1961H,110475,ST KRUSS25,17.5,19.5,18.4,18.3,7/9/2013 0:00,0.1
TWK2080H,110476,ST KRUSS25,26,28,27.5,27.3,7/12/2013 0:00,0.2
TWK1961H,110701,ST KRUSS25,17.5,19.5,18.4,18.3,7/16/2013 0:00,0.1
TWK1961H,111064,ST KRUSS25,17.5,19.5,18.4,17.5,7/19/2013 0:00,0.9
TSK2039,110945,ST KRUSS25,24.2,26.2,25.2,25.4,7/30/2013,-0.2
TSK2039,111398,ST KRUSS25,24.2,26.2,25.2,25.3,7/30/2013,-0.1
TWK2010H,111145,ST KRUSS25,16.5,19.5,17,17.2,7/30/2013 0:00,-0.2
TWK2080H,111146,ST KRUSS25,26,28,27.5,27.3,7/30/2013 0:00,0.2
TWK2080H,111461,ST KRUSS25,26,28,27.5,27.4,8/6/2013 0:00,0.1
TWK2080H,111570,ST KRUSS25,26,28,27.5,27.4,8/6/2013 0:00,0.1
TSK2039,111296,ST KRUSS25,24.2,26.2,25.2,25.4,8/13/2013,-0.2
TWK2080H,111775,ST KRUSS25,26,28,27.5,27.3,8/16/2013 0:00,0.2
TWK1961H,112160,ST KRUSS25,17.5,19.5,18.4,18.3,8/20/2013 0:00,0.1
TSK2039,111882,ST KRUSS25,24.2,26.2,25.2,25.3,8/23/2013,-0.1
TWK2010H,112161,ST KRUSS25,16.5,19.5,17,16.8,8/23/2013 0:00,0.2
TWK2080H,112410,ST KRUSS25,26,28,27.5,27.4,8/23/2013 0:00,0.1
TWK1961H,112734,ST KRUSS25,17.5,19.5,18.4,18.4,9/6/2013 0:00,0
TWK2080H,112735,ST KRUSS25,26,28,27.5,27.5,9/6/2013 0:00,0
TWK2010H,113015,ST KRUSS25,16.5,19.5,17,17,9/10/2013 0:00,0
TWK1961H,113096,ST KRUSS25,17.5,19.5,18.4,18.2,9/13/2013 0:00,0.2
TWK2010H,113097,ST KRUSS25,16.5,19.5,17,17.4,9/13/2013 0:00,-0.4
TSK2039,112484,ST KRUSS25,24.2,26.2,25.2,25.4,9/17/2013,-0.2
TSK2039,113324,ST KRUSS25,24.2,26.2,25.2,25.4,9/20/2013,-0.2
TWK2080H,113232,ST KRUSS25,26,28,27.5,27.4,9/20/2013 0:00,0.1
TWK1961H,113472,ST KRUSS25,17.5,19.5,18.4,17.7,10/8/2013 0:00,0.7
TSK2039,113469,ST KRUSS25,24.2,26.2,25.2,25,10/15/2013,0.2
TWK2010H,113913,ST KRUSS25,16.5,19.5,17,17.7,10/15/2013 0:00,-0.7
TWK2080H,113677,ST KRUSS25,26,28,27.5,27,10/15/2013 0:00,0.5
TWK2080H,114233,ST KRUSS25,26,28,27.5,27.3,10/15/2013 0:00,0.2
TSK2039,114414,ST KRUSS25,24.2,26.2,25.2,25.3,10/18/2013,-0.1
TWK1961H,114231,ST KRUSS25,17.5,19.5,18.4,18.6,10/18/2013 0:00,-0.2
TWK2010H,114417,ST KRUSS25,16.5,19.5,17,17.5,10/18/2013 0:00,-0.5
TWK2080H,114523,ST KRUSS25,26,28,27.5,27.5,10/22/2013 0:00,0
TWK1818,103222,STDUNUOY,17.5,19.5,18.4,18.4,1/4/2013,0
TWK1966H,103224,STDUNUOY,17,18,17.5,17.3,1/4/2013,0.2
TWK1396,103279,STDUNUOY,23.8,26.5,25.3,25.2,1/8/2013,0.1
TWK1386,103364,STDUNUOY,22.5,24.5,23.2,24,1/15/2013,-0.8
TWK1818,104097,STDUNUOY,17.5,19.5,18.4,18.2,1/18/2013,0.2
TWK1966H,104098,STDUNUOY,17,18,17.5,17.5,1/18/2013,0
TWK1818,104334,STDUNUOY,17.5,19.5,18.4,18.1,1/22/2013,0.3
TWK1386,104891,STDUNUOY,22.5,24.5,23.2,23.9,2/12/2013,-0.7
TWK1386,104956,STDUNUOY,22.5,24.5,23.2,24.2,2/12/2013,-1
TWK1396,104955,STDUNUOY,23.8,26.5,25.3,25.4,2/12/2013,-0.1
TWK1966H,104920,STDUNUOY,17,18,17.5,17.3,2/12/2013,0.2
TWK1818,105195,STDUNUOY,17.5,19.5,18.4,18.5,2/19/2013,-0.1
TWK1396,105478,STDUNUOY,23.8,26.5,25.3,25.3,3/1/2013,0
TWK1396,105670,STDUNUOY,23.8,26.5,25.3,25,3/5/2013,0.3
TWK1386,106023,STDUNUOY,22.5,24.5,23.2,24.3,3/12/2013,-1.1
TWK1396,105938,STDUNUOY,23.8,26.5,25.3,25,3/12/2013,0.3
TWK1966H,106181,STDUNUOY,17,18,17.5,17.5,3/12/2013,0
TWK1396,106307,STDUNUOY,23.8,26.5,25.3,25.7,3/19/2013,-0.4
TWK1818,106308,STDUNUOY,17.5,19.5,18.4,18,3/19/2013,0.4
TWK1386,106728,STDUNUOY,22.5,24.5,23.2,23.5,4/5/2013,-0.3
TWK1396,106740,STDUNUOY,23.8,26.5,25.3,25.8,4/5/2013,-0.5
TWK1396,107351,STDUNUOY,23.8,26.5,25.3,25.4,4/12/2013,-0.1
TWK1966H,107187,STDUNUOY,17,18,17.5,17.1,4/12/2013,0.4
TWK1386,107494,STDUNUOY,22.5,24.5,23.2,23.5,4/19/2013,-0.3
TWK1818,107813,STDUNUOY,17.5,19.5,18.4,18,4/26/2013,0.4
TWK1396,107901,STDUNUOY,23.8,26.5,25.3,25.2,4/30/2013,0.1
TWK1966H,107903,STDUNUOY,17,18,17.5,17.8,4/30/2013,-0.3
TWK1386,108142,STDUNUOY,22.5,24.5,23.2,23.5,5/14/2013,-0.3
TWK1396,108343,STDUNUOY,23.8,26.5,25.3,25.7,5/14/2013,-0.4
TWK1386,108699,STDUNUOY,22.5,24.5,23.2,23.5,5/21/2013,-0.3
TWK1818,107902,STDUNUOY,17.5,19.5,18.4,18.2,5/21/2013,0.2
TWK1818,107902,STDUNUOY,17.5,19.5,18.4,18.2,5/21/2013 0:00,0.2
TWK1386,109491,STDUNUOY,22.5,24.5,23.2,23.9,6/7/2013 0:00,-0.7
TWK1818,109532,STDUNUOY,17.5,19.5,18.4,18.1,6/11/2013 0:00,0.3
TWK1396,109914,STDUNUOY,23.8,26.5,25.3,25.4,6/18/2013,-0.1
TWK1966H,109915,STDUNUOY,17,18,17.5,17.6,6/21/2013 0:00,-0.1
TWK1386,110071,STDUNUOY,22.5,24.5,23.2,24,6/25/2013 0:00,-0.8
TWK1396,110474,STDUNUOY,23.8,26.5,25.3,25.3,7/9/2013,0
TWK1818,110784,STDUNUOY,17.5,19.5,18.4,18.3,7/12/2013 0:00,0.1
TWK1386,111144,STDUNUOY,22.5,24.5,23.2,23.5,7/30/2013 0:00,-0.3
TWK1396,111297,STDUNUOY,23.8,26.5,25.3,25.5,7/30/2013,-0.2
TWK1966H,111460,STDUNUOY,17,18,17.5,17.4,8/6/2013 0:00,0.1
TWK1396,111565,STDUNUOY,23.8,26.5,25.3,25.2,8/7/2013,0.1
TWK1818,111883,STDUNUOY,17.5,19.5,18.4,18.3,8/13/2013 0:00,0.1
TWK1386,111916,STDUNUOY,22.5,24.5,23.2,23.1,8/16/2013 0:00,0.1
TWK1396,112159,STDUNUOY,23.8,26.5,25.3,24.5,8/20/2013,0.8
TWK1386,112408,STDUNUOY,22.5,24.5,23.2,23.3,8/27/2013 0:00,-0.1
TWK1396,112733,STDUNUOY,23.8,26.5,25.3,23.8,8/30/2013,1.5
TWK1396,113014,STDUNUOY,23.8,26.5,25.3,25.5,9/10/2013,-0.2
TWK1966H,112639,STDUNUOY,17,18,17.5,17.7,9/10/2013 0:00,-0.2
TWK1386,113470,STDUNUOY,22.5,24.5,23.2,24,9/27/2013 0:00,-0.8
TWK1396,113471,STDUNUOY,23.8,26.5,25.3,24.8,10/4/2013,0.5
TWK1386,113910,STDUNUOY,22.5,24.5,23.2,23.9,10/11/2013 0:00,-0.7
TWK1966H,113912,STDUNUOY,17,18,17.5,17.2,10/11/2013 0:00,0.3
TWK1818,113911,STDUNUOY,17.5,19.5,18.4,18.4,10/15/2013 0:00,0
TWK1386,114415,STDUNUOY,22.5,24.5,23.2,23.7,10/18/2013 0:00,-0.5
TWK1396,114416,STDUNUOY,23.8,26.5,25.3,25.1,10/22/2013,0.2
COMPLETE,103022,VISCBRK25C,1.8,2.1,1.94,1.98,1/4/2013,-0.04
COMPLETE,103138,VISCBRK25C,1.8,2.1,1.94,1.96,1/4/2013,-0.02
TSK2039,103363,VISCBRK25C,1.75,2.05,1.9,2.01,1/4/2013,-0.11
TWK1818,103222,VISCBRK25C,2.25,2.75,2.49,2.4,1/4/2013,0.09
TWK1961H,103023,VISCBRK25C,2.1,2.5,2.16,2.17,1/4/2013,-0.01
TWK1961H,103365,VISCBRK25C,2.1,2.5,2.16,2.22,1/4/2013,-0.06
TWK1966H,103224,VISCBRK25C,2.1,2.6,2.3,2.43,1/4/2013,-0.13
TWK2010H,103393,VISCBRK25C,2.25,2.75,2.34,2.45,1/4/2013,-0.11
TWK2080H,103394,VISCBRK25C,2.1,2.4,2.21,2.21,1/4/2013,0
TWK1396,103279,VISCBRK25C,3.5,4,3.78,3.67,1/8/2013,0.11
COMPLETE,104088,VISCBRK25C,1.8,2.1,1.94,2.01,1/15/2013,-0.07
TWK1386,103364,VISCBRK25C,3.5,3.8,3.7,3.58,1/15/2013,0.12
TWK2080H,103025,VISCBRK25C,2.1,2.4,2.21,2.26,1/15/2013,-0.05
TSK2039,103392,VISCBRK25C,1.75,2.05,1.9,1.97,1/18/2013,-0.07
TSK2039,104157,VISCBRK25C,1.75,2.05,1.9,1.91,1/18/2013,-0.01
TWK1818,104097,VISCBRK25C,2.25,2.75,2.49,2.45,1/18/2013,0.04
TWK1966H,104098,VISCBRK25C,2.1,2.6,2.3,2.5,1/18/2013,-0.2
TWK2080H,104099,VISCBRK25C,2.1,2.4,2.21,2.24,1/18/2013,-0.03
COMPLETE,104332,VISCBRK25C,1.8,2.1,1.94,2.01,1/22/2013,-0.07
TWK1818,104334,VISCBRK25C,2.25,2.75,2.49,2.39,1/22/2013,0.1
TSK2039,104333,VISCBRK25C,1.75,2.05,1.9,1.96,1/25/2013,-0.06
TWK1961H,104335,VISCBRK25C,2.1,2.5,2.16,2.22,1/25/2013,-0.06
TWK2010H,104336,VISCBRK25C,2.25,2.75,2.34,2.46,1/25/2013,-0.12
TWK2080H,104337,VISCBRK25C,2.1,2.4,2.21,2.22,1/25/2013,-0.01
TWK1961H,104893,VISCBRK25C,2.1,2.5,2.16,2.24,2/5/2013,-0.08
TWK2010H,104894,VISCBRK25C,2.25,2.75,2.34,2.46,2/5/2013,-0.12
TSK2039,104693,VISCBRK25C,1.75,2.05,1.9,1.99,2/12/2013,-0.09
TWK1386,104891,VISCBRK25C,3.5,3.8,3.7,3.57,2/12/2013,0.13
TWK1386,104956,VISCBRK25C,3.5,3.8,3.7,3.62,2/12/2013,0.08
TWK1396,104955,VISCBRK25C,3.5,4,3.78,3.6,2/12/2013,0.18
TWK1961H,104957,VISCBRK25C,2.1,2.5,2.16,2.16,2/12/2013,0
TWK1966H,104920,VISCBRK25C,2.1,2.6,2.3,2.43,2/12/2013,-0.13
TSK2039,105131,VISCBRK25C,1.75,2.05,1.9,1.99,2/19/2013,-0.09
TSK2039,105194,VISCBRK25C,1.75,2.05,1.9,1.98,2/19/2013,-0.08
TWK1818,105195,VISCBRK25C,2.25,2.75,2.49,2.47,2/19/2013,0.02
TWK2010H,105196,VISCBRK25C,2.25,2.75,2.34,2.51,2/19/2013,-0.17
TWK2080H,104895,VISCBRK25C,2.1,2.4,2.21,2.26,2/19/2013,-0.05
COMPLETE,105193,VISCBRK25C,1.8,2.1,1.94,2.01,2/26/2013,-0.07
TWK2080H,105287,VISCBRK25C,2.1,2.4,2.21,2.28,2/26/2013,-0.07
TWK2080H,105479,VISCBRK25C,2.1,2.4,2.21,2.26,2/26/2013,-0.05
COMPLETE,105484,VISCBRK25C,1.8,2.1,1.94,1.97,3/1/2013,-0.03
TWK1396,105478,VISCBRK25C,3.5,4,3.78,3.68,3/1/2013,0.1
TWK2010H,105671,VISCBRK25C,2.25,2.75,2.34,2.51,3/1/2013,-0.17
TWK2080H,105666,VISCBRK25C,2.1,2.4,2.21,2.23,3/1/2013,-0.02
TWK2080H,105672,VISCBRK25C,2.1,2.4,2.21,2.23,3/1/2013,-0.02
COMPLETE,105668,VISCBRK25C,1.8,2.1,1.94,1.95,3/5/2013,-0.01
COMPLETE,105707,VISCBRK25C,1.8,2.1,1.94,2.01,3/5/2013,-0.07
TSK2039,105669,VISCBRK25C,1.75,2.05,1.9,1.97,3/5/2013,-0.07
TWK1396,105670,VISCBRK25C,3.5,4,3.78,3.64,3/5/2013,0.14
TWK1961H,105708,VISCBRK25C,2.1,2.5,2.16,2.18,3/5/2013,-0.02
TWK1386,106023,VISCBRK25C,3.5,3.8,3.7,3.57,3/12/2013,0.13
TWK1396,105938,VISCBRK25C,3.5,4,3.78,3.68,3/12/2013,0.1
TWK1966H,106181,VISCBRK25C,2.1,2.6,2.3,2.45,3/12/2013,-0.15
TWK2010H,105939,VISCBRK25C,2.25,2.75,2.34,2.44,3/12/2013,-0.1
TSK2039,106022,VISCBRK25C,1.75,2.05,1.9,1.99,3/19/2013,-0.09
TWK1396,106307,VISCBRK25C,3.5,4,3.78,3.92,3/19/2013,-0.14
TWK1818,106308,VISCBRK25C,2.25,2.75,2.49,2.39,3/19/2013,0.1
TWK2010H,106229,VISCBRK25C,2.25,2.75,2.34,2.44,3/19/2013,-0.1
TWK2080H,106182,VISCBRK25C,2.1,2.4,2.21,2.22,3/19/2013,-0.01
TSK2039,106180,VISCBRK25C,1.75,2.05,1.9,1.94,3/26/2013,-0.04
TSK2039,106560,VISCBRK25C,1.75,2.05,1.9,1.98,3/26/2013,-0.08
TWK1961H,106389,VISCBRK25C,2.1,2.5,2.16,2.22,3/26/2013,-0.06
TWK2080H,106469,VISCBRK25C,2.1,2.4,2.21,2.27,3/26/2013,-0.06
COMPLETE,106616,VISCBRK25C,1.8,2.1,1.94,2.04,4/2/2013,-0.1
TSK2039,106617,VISCBRK25C,1.75,2.05,1.9,1.95,4/5/2013,-0.05
TWK1386,106728,VISCBRK25C,3.5,3.8,3.7,3.52,4/5/2013,0.18
TWK1396,106740,VISCBRK25C,3.5,4,3.78,3.66,4/5/2013,0.12
TWK2080H,106995,VISCBRK25C,2.1,2.4,2.21,2.22,4/9/2013,-0.01
TSK2039,106727,VISCBRK25C,1.75,2.05,1.9,1.95,4/12/2013,-0.05
TWK1396,107351,VISCBRK25C,3.5,4,3.78,3.64,4/12/2013,0.14
TWK1966H,107187,VISCBRK25C,2.1,2.6,2.3,2.45,4/12/2013,-0.15
TWK2010H,107188,VISCBRK25C,2.25,2.75,2.34,2.49,4/12/2013,-0.15
TWK1386,107494,VISCBRK25C,3.5,3.8,3.7,3.59,4/19/2013,0.11
TWK1961H,107495,VISCBRK25C,2.1,2.5,2.16,2.25,4/19/2013,-0.09
TWK2080H,107496,VISCBRK25C,2.1,2.4,2.21,2.24,4/19/2013,-0.03
COMPLETE,107636,VISCBRK25C,1.8,2.1,1.94,2.04,4/23/2013,-0.1
COMPLETE,107773,VISCBRK25C,1.8,2.1,1.94,2,4/23/2013,-0.06
TWK1818,107813,VISCBRK25C,2.25,2.75,2.49,2.39,4/26/2013,0.1
TWK2080H,107841,VISCBRK25C,2.1,2.4,2.21,2.24,4/26/2013,-0.03
TWK1396,107901,VISCBRK25C,3.5,4,3.78,3.58,4/30/2013,0.2
TWK1966H,107903,VISCBRK25C,2.1,2.6,2.3,2.48,4/30/2013,-0.18
COMPLETE,107900,VISCBRK25C,1.8,2.1,1.94,2.01,5/7/2013,-0.07
TSK2039,107493,VISCBRK25C,1.75,2.05,1.9,1.98,5/7/2013,-0.08
TWK2080H,107904,VISCBRK25C,2.1,2.4,2.21,2.27,5/7/2013,-0.06
TSK2039,107812,VISCBRK25C,1.75,2.05,1.9,1.92,5/14/2013,-0.02
TWK1386,108142,VISCBRK25C,3.5,3.8,3.7,3.51,5/14/2013,0.19
TWK1396,108343,VISCBRK25C,3.5,4,3.78,3.6,5/14/2013,0.18
TWK1961H,108143,VISCBRK25C,2.1,2.5,2.16,2.19,5/14/2013,-0.03
TWK2010H,108442,VISCBRK25C,2.25,2.75,2.34,2.49,5/14/2013,-0.15
COMPLETE,108441,VISCBRK25C,1.8,2.1,1.94,1.98,5/21/2013,-0.04
TWK1386,108699,VISCBRK25C,3.5,3.8,3.7,3.53,5/21/2013,0.17
TWK1818,107902,VISCBRK25C,2.25,2.75,2.49,2.39,5/21/2013,0.1
TWK1818,107902,VISCBRK25C,2.25,2.75,2.49,2.39,5/21/2013 0:00,0.1
TWK1961H,108774,VISCBRK25C,2.1,2.5,2.16,2.22,5/21/2013,-0.06
TWK2080H,108618,VISCBRK25C,2.1,2.4,2.21,2.19,5/21/2013,0.02
COMPLETE,109018,VISCBRK25C,1.8,2.1,1.94,2.01,5/28/2013,-0.07
TSK2039,108698,VISCBRK25C,1.75,2.05,1.9,1.95,5/31/2013,-0.05
TSK2039,109020,VISCBRK25C,1.75,2.05,1.9,1.96,5/31/2013,-0.06
TWK1961H,109085,VISCBRK25C,2.1,2.5,2.16,2.25,5/31/2013,-0.09
TWK2010H,109223,VISCBRK25C,2.25,2.75,2.34,2.47,5/31/2013,-0.13
TWK2080H,109086,VISCBRK25C,2.1,2.4,2.21,2.27,5/31/2013,-0.06
TWK1386,109491,VISCBRK25C,3.5,3.8,3.7,3.54,6/7/2013 0:00,0.16
COMPLETE,109527,VISCBRK25C,1.8,2.1,1.94,2.02,6/11/2013 0:00,-0.08
TWK1818,109532,VISCBRK25C,2.25,2.75,2.49,2.41,6/11/2013 0:00,0.08
TWK2080H,109492,VISCBRK25C,2.1,2.4,2.21,2.24,6/11/2013 0:00,-0.03
TWK1961H,109554,VISCBRK25C,2.1,2.5,2.16,2.22,6/14/2013 0:00,-0.06
TSK2039,109531,VISCBRK25C,1.75,2.05,1.9,1.97,6/18/2013,-0.07
TWK1396,109914,VISCBRK25C,3.5,4,3.78,3.7,6/18/2013,0.08
TWK2010H,109833,VISCBRK25C,2.25,2.75,2.34,2.5,6/18/2013 0:00,-0.16
TWK2080H,109811,VISCBRK25C,2.1,2.4,2.21,2.27,6/18/2013 0:00,-0.06
TWK2080H,109834,VISCBRK25C,2.1,2.4,2.21,2.27,6/18/2013 0:00,-0.06
TWK1966H,109915,VISCBRK25C,2.1,2.6,2.3,2.49,6/21/2013 0:00,-0.19
TWK2010H,109916,VISCBRK25C,2.25,2.75,2.34,2.49,6/21/2013 0:00,-0.15
TWK1386,110071,VISCBRK25C,3.5,3.8,3.7,3.58,6/25/2013 0:00,0.12
TSK2039,110017,VISCBRK25C,1.75,2.05,1.9,1.95,6/28/2013,-0.05
TSK2039,109913,VISCBRK25C,1.75,2.05,1.9,2.02,7/2/2013,-0.12
TSK2039,110473,VISCBRK25C,1.75,2.05,1.9,1.96,7/9/2013,-0.06
TWK1396,110474,VISCBRK25C,3.5,4,3.78,3.63,7/9/2013,0.15
TWK1961H,110475,VISCBRK25C,2.1,2.5,2.16,2.25,7/9/2013 0:00,-0.09
COMPLETE,110761,VISCBRK25C,1.8,2.1,1.94,2.08,7/12/2013 0:00,-0.14
COMPLETE,110781,VISCBRK25C,1.8,2.1,1.94,2,7/12/2013 0:00,-0.06
TWK1818,110784,VISCBRK25C,2.25,2.75,2.49,2.42,7/12/2013 0:00,0.07
TWK2080H,110476,VISCBRK25C,2.1,2.4,2.21,2.26,7/12/2013 0:00,-0.05
TWK1961H,110701,VISCBRK25C,2.1,2.5,2.16,2.26,7/16/2013 0:00,-0.1
TWK1961H,111064,VISCBRK25C,2.1,2.5,2.16,2.24,7/19/2013 0:00,-0.08
TSK2039,110945,VISCBRK25C,1.75,2.05,1.9,2.03,7/30/2013,-0.13
TSK2039,111398,VISCBRK25C,1.75,2.05,1.9,2,7/30/2013,-0.1
TWK1386,111144,VISCBRK25C,3.5,3.8,3.7,3.63,7/30/2013 0:00,0.07
TWK1396,111297,VISCBRK25C,3.5,4,3.78,3.57,7/30/2013,0.21
TWK2010H,111145,VISCBRK25C,2.25,2.75,2.34,2.44,7/30/2013 0:00,-0.1
TWK2080H,111146,VISCBRK25C,2.1,2.4,2.21,2.28,7/30/2013 0:00,-0.07
TWK1966H,111460,VISCBRK25C,2.1,2.6,2.3,2.48,8/6/2013 0:00,-0.18
TWK2080H,111461,VISCBRK25C,2.1,2.4,2.21,2.2,8/6/2013 0:00,0.01
TWK2080H,111570,VISCBRK25C,2.1,2.4,2.21,2.2,8/6/2013 0:00,0.01
TWK1396,111565,VISCBRK25C,3.5,4,3.78,3.64,8/7/2013,0.14
COMPLETE,111774,VISCBRK25C,1.8,2.1,1.94,1.99,8/13/2013 0:00,-0.05
TSK2039,111296,VISCBRK25C,1.75,2.05,1.9,1.93,8/13/2013,-0.03
TWK1818,111883,VISCBRK25C,2.25,2.75,2.49,2.45,8/13/2013 0:00,0.04
TWK1386,111916,VISCBRK25C,3.5,3.8,3.7,3.58,8/16/2013 0:00,0.12
TWK2080H,111775,VISCBRK25C,2.1,2.4,2.21,2.22,8/16/2013 0:00,-0.01
COMPLETE,111977,VISCBRK25C,1.8,2.1,1.94,1.97,8/20/2013 0:00,-0.03
TWK1396,112159,VISCBRK25C,3.5,4,3.78,3.56,8/20/2013,0.22
TWK1961H,112160,VISCBRK25C,2.1,2.5,2.16,2.18,8/20/2013 0:00,-0.02
COMPLETE,112157,VISCBRK25C,1.8,2.1,1.94,1.94,8/23/2013 0:00,0
TSK2039,111882,VISCBRK25C,1.75,2.05,1.9,1.88,8/23/2013,0.02
TWK2010H,112161,VISCBRK25C,2.25,2.75,2.34,2.42,8/23/2013 0:00,-0.08
TWK2080H,112410,VISCBRK25C,2.1,2.4,2.21,2.19,8/23/2013 0:00,0.02
TWK1386,112408,VISCBRK25C,3.5,3.8,3.7,3.52,8/27/2013 0:00,0.18
TWK1396,112733,VISCBRK25C,3.5,4,3.78,3.57,8/30/2013,0.21
TWK1961H,112734,VISCBRK25C,2.1,2.5,2.16,2.17,9/6/2013 0:00,-0.01
TWK2080H,112735,VISCBRK25C,2.1,2.4,2.21,2.2,9/6/2013 0:00,0.01
TWK1396,113014,VISCBRK25C,3.5,4,3.78,3.63,9/10/2013,0.15
TWK1966H,112639,VISCBRK25C,2.1,2.6,2.3,2.48,9/10/2013 0:00,-0.18
TWK2010H,113015,VISCBRK25C,2.25,2.75,2.34,2.46,9/10/2013 0:00,-0.12
TWK1961H,113096,VISCBRK25C,2.1,2.5,2.16,2.24,9/13/2013 0:00,-0.08
TWK2010H,113097,VISCBRK25C,2.25,2.75,2.34,2.5,9/13/2013 0:00,-0.16
TSK2039,112484,VISCBRK25C,1.75,2.05,1.9,1.92,9/17/2013,-0.02
COMPLETE,113323,VISCBRK25C,1.8,2.1,1.94,1.98,9/20/2013 0:00,-0.04
TSK2039,113324,VISCBRK25C,1.75,2.05,1.9,1.87,9/20/2013,0.03
TWK2080H,113232,VISCBRK25C,2.1,2.4,2.21,2.22,9/20/2013 0:00,-0.01
TWK1386,113470,VISCBRK25C,3.5,3.8,3.7,3.53,9/27/2013 0:00,0.17
TWK1396,113471,VISCBRK25C,3.5,4,3.78,3.69,10/4/2013,0.09
TWK1961H,113472,VISCBRK25C,2.1,2.5,2.16,2.15,10/8/2013 0:00,0.01
TWK1386,113910,VISCBRK25C,3.5,3.8,3.7,3.52,10/11/2013 0:00,0.18
TWK1966H,113912,VISCBRK25C,2.1,2.6,2.3,2.4,10/11/2013 0:00,-0.1
COMPLETE,114235,VISCBRK25C,1.8,2.1,1.94,1.95,10/15/2013 0:00,-0.01
TSK2039,113469,VISCBRK25C,1.75,2.05,1.9,2.01,10/15/2013,-0.11
TWK1818,113911,VISCBRK25C,2.25,2.75,2.49,2.39,10/15/2013 0:00,0.1
TWK2010H,113913,VISCBRK25C,2.25,2.75,2.34,2.48,10/15/2013 0:00,-0.14
TWK2080H,113677,VISCBRK25C,2.1,2.4,2.21,2.24,10/15/2013 0:00,-0.03
TWK2080H,114233,VISCBRK25C,2.1,2.4,2.21,2.21,10/15/2013 0:00,0
COMPLETE,114478,VISCBRK25C,1.8,2.1,1.94,1.96,10/18/2013 0:00,-0.02
TSK2039,114414,VISCBRK25C,1.75,2.05,1.9,1.95,10/18/2013,-0.05
TWK1386,114415,VISCBRK25C,3.5,3.8,3.7,3.55,10/18/2013 0:00,0.15
TWK1961H,114231,VISCBRK25C,2.1,2.5,2.16,2.22,10/18/2013 0:00,-0.06
TWK2010H,114417,VISCBRK25C,2.25,2.75,2.34,2.48,10/18/2013 0:00,-0.14
TWK1396,114416,VISCBRK25C,3.5,4,3.78,3.59,10/22/2013,0.19
TWK2080H,114523,VISCBRK25C,2.1,2.4,2.21,2.22,10/22/2013 0:00,-0.01
CM-557H,103389,VISCCAN50,2.9,3.4,3.1,3.205,1/4/2013,-0.105
CM-557H,104625,VISCCAN50,2.9,3.4,3.1,3.146,2/1/2013,-0.046
CM-557H,105934,VISCCAN50,2.9,3.4,3.1,3.132,3/12/2013,-0.032
CM-557H,106724,VISCCAN50,2.9,3.4,3.1,3.147,4/5/2013,-0.047
CM-557H,107635,VISCCAN50,2.9,3.4,3.1,3.149,4/23/2013,-0.049
CM-557H,109222,VISCCAN50,2.9,3.4,3.1,3.085,6/4/2013 0:00,0.015
CM-557H,109589,VISCCAN50,2.9,3.4,3.1,3.129,6/14/2013 0:00,-0.029
CM-557H,111292,VISCCAN50,2.9,3.4,3.1,3.181,8/2/2013 0:00,-0.081
CM-557H,112636,VISCCAN50,2.9,3.4,3.1,3.146,8/27/2013 0:00,-0.046
CM-557H,113676,VISCCAN50,2.9,3.4,3.1,3.192,10/8/2013 0:00,-0.092
CM-557H,114413,VISCCAN50,2.9,3.4,3.1,3.112,10/18/2013 0:00,-0.012
CM-557H,114461,VISCCAN50,2.9,3.4,3.1,3.115,10/18/2013 0:00,-0.015
COMPLETE,103022,WAVELENGTH,645,655,650,653.5,1/4/2013,-3.5
COMPLETE,103138,WAVELENGTH,645,655,650,651.5,1/4/2013,-1.5
TSK2039,103363,WAVELENGTH,574.5,576.5,575.5,575.5,1/4/2013,0
COMPLETE,104088,WAVELENGTH,645,655,650,653,1/15/2013,-3
TSK2039,103392,WAVELENGTH,574.5,576.5,575.5,574.5,1/18/2013,1
TSK2039,104157,WAVELENGTH,574.5,576.5,575.5,575,1/18/2013,0.5
COMPLETE,104332,WAVELENGTH,645,655,650,652,1/22/2013,-2
TSK2039,104333,WAVELENGTH,574.5,576.5,575.5,575.5,1/25/2013,0
TSK2039,104693,WAVELENGTH,574.5,576.5,575.5,575,2/12/2013,0.5
TSK2039,105131,WAVELENGTH,574.5,576.5,575.5,575.5,2/19/2013,0
TSK2039,105194,WAVELENGTH,574.5,576.5,575.5,575.5,2/19/2013,0
COMPLETE,105193,WAVELENGTH,645,655,650,652.5,2/26/2013,-2.5
COMPLETE,105484,WAVELENGTH,645,655,650,652.5,3/1/2013,-2.5
COMPLETE,105668,WAVELENGTH,645,655,650,652,3/5/2013,-2
COMPLETE,105707,WAVELENGTH,645,655,650,651.5,3/5/2013,-1.5
TSK2039,105669,WAVELENGTH,574.5,576.5,575.5,576.5,3/5/2013,-1
TSK2039,106022,WAVELENGTH,574.5,576.5,575.5,575,3/19/2013,0.5
TSK2039,106180,WAVELENGTH,574.5,576.5,575.5,574.5,3/26/2013,1
TSK2039,106560,WAVELENGTH,574.5,576.5,575.5,574.5,3/26/2013,1
COMPLETE,106616,WAVELENGTH,645,655,650,652,4/2/2013,-2
TSK2039,106617,WAVELENGTH,574.5,576.5,575.5,576,4/5/2013,-0.5
TSK2039,106727,WAVELENGTH,574.5,576.5,575.5,575.5,4/12/2013,0
COMPLETE,107636,WAVELENGTH,645,655,650,652.5,4/23/2013,-2.5
COMPLETE,107773,WAVELENGTH,645,655,650,651,4/23/2013,-1
COMPLETE,107900,WAVELENGTH,645,655,650,652.5,5/7/2013,-2.5
TSK2039,107493,WAVELENGTH,574.5,576.5,575.5,575,5/7/2013,0.5
TSK2039,107812,WAVELENGTH,574.5,576.5,575.5,575,5/14/2013,0.5
COMPLETE,108441,WAVELENGTH,645,655,650,653,5/21/2013,-3
COMPLETE,109018,WAVELENGTH,645,655,650,651.5,5/28/2013,-1.5
TSK2039,108698,WAVELENGTH,574.5,576.5,575.5,575.5,5/31/2013,0
TSK2039,109020,WAVELENGTH,574.5,576.5,575.5,575.5,5/31/2013,0
COMPLETE,109527,WAVELENGTH,645,655,650,652,6/11/2013 0:00,-2
TSK2039,109531,WAVELENGTH,574.5,576.5,575.5,575,6/18/2013,0.5
TSK2039,110017,WAVELENGTH,574.5,576.5,575.5,576.5,6/28/2013,-1
TSK2039,109913,WAVELENGTH,574.5,576.5,575.5,575,7/2/2013,0.5
TSK2039,110473,WAVELENGTH,574.5,576.5,575.5,575,7/9/2013,0.5
COMPLETE,110761,WAVELENGTH,645,655,650,651.5,7/12/2013 0:00,-1.5
COMPLETE,110781,WAVELENGTH,645,655,650,651.5,7/12/2013 0:00,-1.5
TSK2039,110945,WAVELENGTH,574.5,576.5,575.5,575,7/30/2013,0.5
TSK2039,111398,WAVELENGTH,574.5,576.5,575.5,576,7/30/2013,-0.5
COMPLETE,111774,WAVELENGTH,645,655,650,652,8/13/2013 0:00,-2
TSK2039,111296,WAVELENGTH,574.5,576.5,575.5,575,8/13/2013,0.5
COMPLETE,111977,WAVELENGTH,645,655,650,651.5,8/20/2013 0:00,-1.5
COMPLETE,112157,WAVELENGTH,645,655,650,651,8/23/2013 0:00,-1
TSK2039,111882,WAVELENGTH,574.5,576.5,575.5,575,8/23/2013,0.5
TSK2039,112484,WAVELENGTH,574.5,576.5,575.5,576,9/17/2013,-0.5
COMPLETE,113323,WAVELENGTH,645,655,650,650,9/20/2013 0:00,0
TSK2039,113324,WAVELENGTH,574.5,576.5,575.5,575,9/20/2013,0.5
COMPLETE,114235,WAVELENGTH,645,655,650,650,10/15/2013 0:00,0
TSK2039,113469,WAVELENGTH,574.5,576.5,575.5,575,10/15/2013,0.5
COMPLETE,114478,WAVELENGTH,645,655,650,651.5,10/18/2013 0:00,-1.5
TSK2039,114414,WAVELENGTH,574.5,576.5,575.5,575,10/18/2013,0.5
